{"proxies":{"mve.android.notify.MveAndroidNotifyModule":{"superPackageName":"org.appcelerator.kroll","methods":{"schedule":{"runOnUiThread":false,"hasInvocation":false,"args":[{"converter":"org.appcelerator.kroll.KrollConverter","defaultValueProvider":"org.appcelerator.kroll.KrollConverter","name":"arg","sourceName":"arg","type":"org.appcelerator.kroll.KrollDict"}],"apiName":"schedule","converter":"org.appcelerator.kroll.KrollConverter","defaultValueProvider":"org.appcelerator.kroll.KrollConverter","name":"__default_name__","returnType":"void"},"createChannel":{"runOnUiThread":false,"hasInvocation":false,"args":[],"apiName":"createChannel","converter":"org.appcelerator.kroll.KrollConverter","defaultValueProvider":"org.appcelerator.kroll.KrollConverter","name":"__default_name__","returnType":"void"}},"superProxyBindingClassName":"org.appcelerator.kroll.KrollModuleBindingGen","proxyClassName":"MveAndroidNotifyModule","proxyAttrs":{"propertyAccessors":[],"fullAPIName":"MveAndroidNotify","name":"MveAndroidNotify","proxyClassName":"mve.android.notify.MveAndroidNotifyModule","isTopLevel":false,"id":"mve.android.notify"},"packageName":"mve.android.notify","sourceName":"mve.android.notify.MveAndroidNotifyModuleBindingGen","isTitaniumSdk":false,"superProxyClassName":"KrollModule","isModule":true,"genClassName":"MveAndroidNotifyModuleBindingGen"}},"modules":{"mve.android.notify.MveAndroidNotifyModule":{"apiName":"MveAndroidNotify"}}}