{"proxies":{"mve.android.notify.MveAndroidNotifyModule":{"superPackageName":"org.appcelerator.kroll","methods":{"schedule":{"runOnUiThread":false,"hasInvocation":false,"args":[{"converter":"org.appcelerator.kroll.KrollConverter","defaultValueProvider":"org.appcelerator.kroll.KrollConverter","name":"title","sourceName":"title","type":"java.lang.String"},{"converter":"org.appcelerator.kroll.KrollConverter","defaultValueProvider":"org.appcelerator.kroll.KrollConverter","name":"content","sourceName":"content","type":"java.lang.String"},{"converter":"org.appcelerator.kroll.KrollConverter","defaultValueProvider":"org.appcelerator.kroll.KrollConverter","name":"hour","sourceName":"hour","type":"int"},{"converter":"org.appcelerator.kroll.KrollConverter","defaultValueProvider":"org.appcelerator.kroll.KrollConverter","name":"minute","sourceName":"minute","type":"int"},{"converter":"org.appcelerator.kroll.KrollConverter","defaultValueProvider":"org.appcelerator.kroll.KrollConverter","name":"requestCode","sourceName":"requestCode","type":"int"},{"converter":"org.appcelerator.kroll.KrollConverter","defaultValueProvider":"org.appcelerator.kroll.KrollConverter","name":"icon","sourceName":"icon","type":"java.lang.String"}],"apiName":"schedule","converter":"org.appcelerator.kroll.KrollConverter","defaultValueProvider":"org.appcelerator.kroll.KrollConverter","name":"__default_name__","returnType":"void"},"createChannel":{"runOnUiThread":false,"hasInvocation":false,"args":[],"apiName":"createChannel","converter":"org.appcelerator.kroll.KrollConverter","defaultValueProvider":"org.appcelerator.kroll.KrollConverter","name":"__default_name__","returnType":"void"}},"superProxyBindingClassName":"org.appcelerator.kroll.KrollModuleBindingGen","proxyClassName":"MveAndroidNotifyModule","proxyAttrs":{"propertyAccessors":[],"fullAPIName":"MveAndroidNotify","name":"MveAndroidNotify","proxyClassName":"mve.android.notify.MveAndroidNotifyModule","isTopLevel":false,"id":"mve.android.notify"},"packageName":"mve.android.notify","sourceName":"mve.android.notify.MveAndroidNotifyModuleBindingGen","isTitaniumSdk":false,"superProxyClassName":"KrollModule","isModule":true,"genClassName":"MveAndroidNotifyModuleBindingGen"}},"modules":{"mve.android.notify.MveAndroidNotifyModule":{"apiName":"MveAndroidNotify"}}}