{"proxies":{"mve.android.notify.MveAndroidNotifyModule":{"superPackageName":"org.appcelerator.kroll","methods":{"cancel":{"runOnUiThread":false,"hasInvocation":false,"args":[{"converter":"org.appcelerator.kroll.KrollConverter","defaultValueProvider":"org.appcelerator.kroll.KrollConverter","name":"requestCode","sourceName":"requestCode","type":"int"}],"apiName":"cancel","converter":"org.appcelerator.kroll.KrollConverter","defaultValueProvider":"org.appcelerator.kroll.KrollConverter","name":"__default_name__","returnType":"void"},"schedule":{"runOnUiThread":false,"hasInvocation":false,"args":[{"converter":"org.appcelerator.kroll.KrollConverter","defaultValueProvider":"org.appcelerator.kroll.KrollConverter","name":"arg","sourceName":"arg","type":"org.appcelerator.kroll.KrollDict"}],"apiName":"schedule","converter":"org.appcelerator.kroll.KrollConverter","defaultValueProvider":"org.appcelerator.kroll.KrollConverter","name":"__default_name__","returnType":"void"},"canScheduleExactAlarms":{"runOnUiThread":false,"hasInvocation":false,"args":[],"apiName":"canScheduleExactAlarms","converter":"org.appcelerator.kroll.KrollConverter","defaultValueProvider":"org.appcelerator.kroll.KrollConverter","name":"__default_name__","returnType":"boolean"},"createChannel":{"runOnUiThread":false,"hasInvocation":false,"args":[],"apiName":"createChannel","converter":"org.appcelerator.kroll.KrollConverter","defaultValueProvider":"org.appcelerator.kroll.KrollConverter","name":"__default_name__","returnType":"void"}},"superProxyBindingClassName":"org.appcelerator.kroll.KrollModuleBindingGen","proxyClassName":"MveAndroidNotifyModule","proxyAttrs":{"propertyAccessors":[],"fullAPIName":"MveAndroidNotify","name":"MveAndroidNotify","proxyClassName":"mve.android.notify.MveAndroidNotifyModule","isTopLevel":false,"id":"mve.android.notify"},"packageName":"mve.android.notify","sourceName":"mve.android.notify.MveAndroidNotifyModuleBindingGen","constants":{"INTERVAL":{"proxyName":"INTERVAL","name":"INTERVAL","type":"java.lang.String","value":"interval"},"INTERVAL_DAY":{"proxyName":"INTERVAL_DAY","name":"INTERVAL_DAY","type":"java.lang.String","value":"day"},"INTERVAL_WEEK":{"proxyName":"INTERVAL_WEEK","name":"INTERVAL_WEEK","type":"java.lang.String","value":"week"},"INTERVAL_4_WEEK":{"proxyName":"INTERVAL_4_WEEK","name":"INTERVAL_4_WEEK","type":"java.lang.String","value":"4_week"},"HOUR":{"proxyName":"HOUR","name":"HOUR","type":"java.lang.String","value":"hour"},"EXACT":{"proxyName":"EXACT","name":"EXACT","type":"java.lang.String","value":"exact"},"INTERVAL_ONCE":{"proxyName":"INTERVAL_ONCE","name":"INTERVAL_ONCE","type":"java.lang.String","value":"once"},"REQUEST_CODE":{"proxyName":"REQUEST_CODE","name":"REQUEST_CODE","type":"java.lang.String","value":"requestCode"},"INTERVAL_HOUR":{"proxyName":"INTERVAL_HOUR","name":"INTERVAL_HOUR","type":"java.lang.String","value":"hour"},"TITLE":{"proxyName":"TITLE","name":"TITLE","type":"java.lang.String","value":"title"},"MINUTE":{"proxyName":"MINUTE","name":"MINUTE","type":"java.lang.String","value":"minute"},"CONTENT":{"proxyName":"CONTENT","name":"CONTENT","type":"java.lang.String","value":"content"},"ICON":{"proxyName":"ICON","name":"ICON","type":"java.lang.String","value":"icon"}},"isTitaniumSdk":false,"superProxyClassName":"KrollModule","isModule":true,"genClassName":"MveAndroidNotifyModuleBindingGen"}},"modules":{"mve.android.notify.MveAndroidNotifyModule":{"apiName":"MveAndroidNotify"}}}